nct_id,brief_title,overall_status,study_type,enrollment_count,enrollment_type,primary_completion_date,primary_completion_date_type,start_date,completion_date,completion_date_type
NCT00002583,Vinorelbine + Cisplatin or No Further Therapy in Non-small Cell Lung Cancer That Has Been Surgically Removed,COMPLETED,INTERVENTIONAL,482,ACTUAL,2004-04-25,ACTUAL,1994-07-07,2009-12-21,ACTUAL
NCT00003053,"Combination Chemotherapy in Treating Patients With Stage I, II, or IIIA Non-small Cell Lung Cancer That Has Been Surgically Removed",UNKNOWN,INTERVENTIONAL,750,ESTIMATED,,,1994-01,,
NCT00004199,Prinomastat and Combination Chemotherapy in Treating Patients With Metastatic or Recurrent Non-small Cell Lung Cancer,COMPLETED,INTERVENTIONAL,,,2001-07,ACTUAL,1999-03,,
NCT00005666,Utility of Anatometabolic Imaging for Radiation Treatment Planning for Lung Cancer,COMPLETED,INTERVENTIONAL,,,,,,,
NCT00006036,Liposomal Lurtotecan Plus Cisplatin in Treating Patients With Advanced or Metastatic Solid Tumors,COMPLETED,INTERVENTIONAL,14,ACTUAL,2002-09-26,ACTUAL,2000-03-22,2009-12-21,ACTUAL
NCT00006458,Radiolabeled Monoclonal Antibody Therapy in Treating Patients With Relapsed or Refractory Non-Small Cell Lung Cancer,UNKNOWN,INTERVENTIONAL,,,,,2000-08,,
NCT00014456,Combination Chemotherapy Plus Filgrastim in Treating Patients With Advanced Solid Tumors,COMPLETED,INTERVENTIONAL,35,ACTUAL,2005-10,ACTUAL,2000-03,2005-10,ACTUAL
NCT00066222,"Cisplatin, Etoposide, and Radiation Therapy in Treating Patients With Limited-Stage Small Cell Lung Cancer",COMPLETED,INTERVENTIONAL,72,ACTUAL,2012-05,ACTUAL,2003-06,2013-11,ACTUAL
NCT00090961,"S0229, Pulmonary Rehabilitation Education w/wo Exercise Training in Improving Physical Function in Patients Who Are Undergoing Chemo & RT for Locally Advanced Lung Cancer",TERMINATED,INTERVENTIONAL,2,ACTUAL,2008-10,ACTUAL,2004-09,2008-10,ACTUAL
NCT00093756,"Bortezomib, Paclitaxel, Carboplatin and Radiation Therapy for Non-Small Cell Lung Cancer",COMPLETED,INTERVENTIONAL,52,ACTUAL,2012-01,ACTUAL,2004-09,2013-05,ACTUAL
NCT00103831,Oral Taxane in Combination With Pemetrexed (Alimta) in Patients With Recurrent Non-Small Cell Lung Cancer,COMPLETED,INTERVENTIONAL,,,2005-05,ACTUAL,,,
NCT00119470,EUS-FNA in the Pre-Operative Evaluation of Patients With Lung Cancer,COMPLETED,INTERVENTIONAL,40,,,,2005-02,2007-02,ACTUAL
NCT00180154,Tumor Metabolism of Lung Cancer in Patients Who Underwent Percutaneous Radiation Measured With F-18-FDG-PET,COMPLETED,OBSERVATIONAL,50,ESTIMATED,,,2005-07,,
NCT00433498,Etoposide and Cisplatin or Carboplatin as First-Line Chemotherapy With or Without Pravastatin in Treating Patients With Small Cell Lung Cancer,COMPLETED,INTERVENTIONAL,846,ACTUAL,2012-01,ACTUAL,2007-01,2013-11,ACTUAL
NCT00514007,Study of Continuous OSI-906 Dosing,COMPLETED,INTERVENTIONAL,95,ACTUAL,2012-03-19,ACTUAL,2007-06-18,2012-03-19,ACTUAL
NCT00565721,A Proof-of-concept Study to Assess the Ability of [18F]AH-111585 PET Imaging to Detect Tumours and Angiogenesis,COMPLETED,INTERVENTIONAL,33,ACTUAL,2011-10,ACTUAL,2007-11,2012-09,ACTUAL
NCT00614484,Chemotherapy and Proton Radiation for the Treatment of Locally Advanced Lung Cancer,TERMINATED,INTERVENTIONAL,28,ACTUAL,2011-06,ACTUAL,1999-08,2011-06,ACTUAL
NCT00618553,Effect of Pulmonary Rehabilitation on Surgical Outcomes in the Cancer Setting,ACTIVE_NOT_RECRUITING,INTERVENTIONAL,75,ESTIMATED,2028-09-01,ESTIMATED,2008-01-28,2028-09-01,ESTIMATED
NCT00656305,ExAblate (MRgFUS) Treatment of Metastatic Bone Tumors for the Palliation of Pain,COMPLETED,INTERVENTIONAL,147,ACTUAL,2012-09,ACTUAL,2008-03,2012-09,ACTUAL
NCT00818441,Dacomitinib (PF-00299804) As A Single Oral Agent In Selected Patients With Adenocarcinoma Of The Lung,COMPLETED,INTERVENTIONAL,119,ACTUAL,2012-04-27,ACTUAL,2009-03-11,2015-04-30,ACTUAL
NCT00917137,Transbronchial Needle Aspiration in the Diagnosis of Peripheral Pulmonary Malignancy,COMPLETED,OBSERVATIONAL,200,ESTIMATED,2010-06,ACTUAL,2008-07,2010-06,ACTUAL
NCT00966472,Phase I Study of a Statin + Erlotinib for Advanced Solid Malignancies With Focus on Squamous Cell Carcinomas and NSCLC,COMPLETED,INTERVENTIONAL,24,ACTUAL,2014-09,ACTUAL,2009-03,2014-09,ACTUAL
NCT01038661,Tax First-line Chemotherapy With Different Doses and Then Maintenance Therapy,COMPLETED,INTERVENTIONAL,375,ACTUAL,2012-08,ACTUAL,2009-11,2012-08,ACTUAL
NCT01263353,Safety and Tolerability of Pasireotide LAR in Combination With Everolimus in Advanced Metastatic NETs,COMPLETED,INTERVENTIONAL,36,ACTUAL,2014-03,ACTUAL,2010-11,2014-03,ACTUAL
NCT01337037,Modified Video-assisted Thoracoscopic Surgery (VATS) Lobectomy for Early-stage Non-small Cell Lung Cancer (NSCLC),UNKNOWN,OBSERVATIONAL,1000,ESTIMATED,2016-12,ESTIMATED,2011-04,2016-12,ESTIMATED
NCT01592422,Maintenance Therapy With Autologous Cytokine-induced Killer Cells for Small Cell Lung Cancer,UNKNOWN,INTERVENTIONAL,60,ESTIMATED,2015-07,ESTIMATED,2012-07,2015-09,ESTIMATED
NCT01631526,Vitamin D Loading Dose in Advanced Lung Cancer,COMPLETED,INTERVENTIONAL,80,ACTUAL,2015-11,ACTUAL,2012-06,2016-02,ACTUAL
NCT01818947,Gefitinib Usage and Outcomes in Routine Treatment,COMPLETED,OBSERVATIONAL,157,ACTUAL,2013-11,ACTUAL,2013-06,2013-11,ACTUAL
NCT02006966,The Impact of Intraoperative Systemic Lidocaine Infusion on Chronic Postoperative Pain After Video-assisted Thoracic Surgery (VATS),COMPLETED,INTERVENTIONAL,168,ACTUAL,2016-08-22,ACTUAL,2014-01,2016-08-22,ACTUAL
NCT02106546,Study Comparing Veliparib Plus Carboplatin and Paclitaxel Versus Placebo Plus Carboplatin and Paclitaxel in Previously Untreated Advanced or Metastatic Squamous Non-Small Cell Lung Cancer,COMPLETED,INTERVENTIONAL,970,ACTUAL,2017-01-03,ACTUAL,2014-04-10,2019-11-20,ACTUAL
NCT02175147,Patient-centred Integrated Palliative Care Pathways in Advanced Cancer and Chronic Disease,UNKNOWN,OBSERVATIONAL,576,ESTIMATED,2015-12,ESTIMATED,2014-06,2015-12,ESTIMATED
NCT02200757,Efficacy and Safety of Aldoxorubicin Compared to Topotecan in Subjects With Metastatic Small Cell Lung Cancer,COMPLETED,INTERVENTIONAL,135,ACTUAL,2017-05-15,ACTUAL,2015-04-20,2017-05-15,ACTUAL
NCT02300831,LUMINIST: LUng Cancer Molecular Insights Non Interventional Study,COMPLETED,OBSERVATIONAL,770,ACTUAL,2016-06-30,ACTUAL,2014-12-01,2016-06-30,ACTUAL
NCT02323737,Phase II Study of Irinotecan and Cisplatin in Extensive-stage Small Cell Lung Cancer,COMPLETED,INTERVENTIONAL,62,ACTUAL,2011-06,ACTUAL,2010-07,2012-06,ACTUAL
NCT02331056,Could the Stroke Volume Variation Predict a Fluid Responsiveness in Thoracotomy?,COMPLETED,OBSERVATIONAL,79,ACTUAL,2015-06,ACTUAL,2014-07,2015-06,ACTUAL
NCT02445872,Safety and Efficacy of Aprepitant for CINV in Patients With Lung Cancer Receiving Multiple-day Cisplatin Chemotherapy,UNKNOWN,INTERVENTIONAL,80,ESTIMATED,2016-05,ESTIMATED,2015-12,2016-05,ESTIMATED
NCT02661009,Human EGFR Mutations Quantitative Detection Kit (Real-time Fluorescent PCR Method),UNKNOWN,OBSERVATIONAL,1000,ESTIMATED,2016-09,ESTIMATED,2016-01,,
NCT02702921,Powered Vascular Stapler in Video-Assisted Thoracoscopic (VAT) Lobectomies,COMPLETED,INTERVENTIONAL,201,ACTUAL,2017-03-31,ACTUAL,2016-02-01,2017-03-31,ACTUAL
NCT02733107,The Efficacy and Safety of Apatinib Combined With Etoposide in Heavily Pretreated Advanced Non-small Cell Lung Cancer,UNKNOWN,INTERVENTIONAL,25,ESTIMATED,2019-12,ESTIMATED,2016-03,2020-12,ESTIMATED
NCT02743351,Study of ProTmune for Allogeneic HCT in Adult Patients With Hematologic Malignancies,COMPLETED,INTERVENTIONAL,96,ACTUAL,2020-12-04,ACTUAL,2016-12-20,2021-11-05,ACTUAL
NCT02950337,Stereotactic Body Radiation Therapy for Un-biopsied Early- Stage Non Small Cell Lung Cancer,UNKNOWN,INTERVENTIONAL,41,ESTIMATED,2023-12,ESTIMATED,2015-12,2023-12,ESTIMATED
NCT02979821,Poziotinib in Stage IV Lung Adenocarcinoma With HER2 Mutation (KASTT001),COMPLETED,INTERVENTIONAL,6,ACTUAL,2017-12,ACTUAL,2016-10,2017-12,ACTUAL
NCT03123445,Endostar First-line Treatment of Advanced NSCLC,UNKNOWN,INTERVENTIONAL,150,ESTIMATED,2019-04,ESTIMATED,2017-04,2019-09,ESTIMATED
NCT03132493,Nivolumab in the Real World: Analysis of the Expanded Use in Spanish Patient,COMPLETED,OBSERVATIONAL,676,ACTUAL,2017-12-01,ACTUAL,2017-06-01,2018-09-15,ACTUAL
NCT03257124,Study of AZD9291 in NSCLC Patients Harboring T790M Mutation Who Failed EGFR TKI and With Brain and/or LMS,UNKNOWN,INTERVENTIONAL,80,ACTUAL,2019-08-31,ACTUAL,2017-05-08,2021-12-31,ESTIMATED
NCT03270670,Olympus - 19-gauge Needle,COMPLETED,OBSERVATIONAL,50,ACTUAL,2019-01-30,ACTUAL,2017-08-21,2019-01-30,ACTUAL
NCT03355586,CT-Controlled Advanced Navigation Techniques for Transbronchial Pulmonary Lesion Access; Evaluation of Electromagnetic Navigation Based Diagnostic Yield,COMPLETED,OBSERVATIONAL,40,ACTUAL,2019-01-01,ACTUAL,2017-12-21,2019-11-01,ACTUAL
NCT03402464,Icotinib Combined With Dihydroaremisinin (DHA) Therapy in Patients With Advanced NSCLC,UNKNOWN,INTERVENTIONAL,30,ESTIMATED,2019-06-01,ESTIMATED,2018-01,2020-09-20,ESTIMATED
NCT03408561,Social Media Listening in Improving Clinical Trial Recruitment in Patients With Cancer,WITHDRAWN,INTERVENTIONAL,0,ACTUAL,2018-12-31,ESTIMATED,2017-11-08,2018-12-31,ESTIMATED
NCT03513666,A Study of Toripalimab+ Pemetrexed Plus Carboplatin in Patients With EGFR-mutation Positive and T790M Negative After Progression on EGFR-TKI Treatment,COMPLETED,INTERVENTIONAL,40,ACTUAL,2022-08-12,ACTUAL,2018-04-09,2022-08-12,ACTUAL
NCT03646994,Real World Study on First Line Crizotinib in ROS1 Rearranged Advanced Non-squamous Non-small Cell Lung Cancer,UNKNOWN,OBSERVATIONAL,40,ESTIMATED,2024-12-31,ESTIMATED,2018-08-01,2025-12-01,ESTIMATED
NCT03706703,Rh-Endostatin (Endostar®) Continuous Intravenous Infusion,UNKNOWN,INTERVENTIONAL,50,ESTIMATED,2020-04-01,ESTIMATED,2018-10-01,2020-09-01,ESTIMATED
NCT03934827,MRx0518 in Patients With Solid Tumours Waiting Surgical Removal of the Tumour,UNKNOWN,INTERVENTIONAL,120,ESTIMATED,2022-12-31,ESTIMATED,2019-04-10,2022-12-31,ESTIMATED
NCT03952403,A Study of HLX10 in Combination With Carboplatin Plus (+) Pemetrexed With or Without HLX04 Compared With Carboplatin+Pemetrexed in 1L Advanced Non-Squamous Non-Small Cell Lung Cancer (NSCLC),UNKNOWN,INTERVENTIONAL,643,ACTUAL,2023-10-01,ESTIMATED,2019-12-02,2024-03-15,ESTIMATED
NCT03957096,A Safety Study of SGN-CD47M in Patients With Solid Tumors,TERMINATED,INTERVENTIONAL,16,ACTUAL,2020-09-14,ACTUAL,2019-07-17,2020-09-14,ACTUAL
NCT03977194,Atezolizumab in Elderly Patients With Advanced Non-Small-Cell Lung Cancer and Receiving Carboplatin Paclitaxel Chemotherapy,ACTIVE_NOT_RECRUITING,INTERVENTIONAL,510,ACTUAL,2024-08-31,ACTUAL,2019-07-23,2026-12,ESTIMATED
NCT04040244,Exhaled Breath Analysis to Predict Risk of Symptomatic Pneumonitis,TERMINATED,INTERVENTIONAL,16,ACTUAL,2022-03-10,ACTUAL,2019-12-09,2022-03-10,ACTUAL
NCT04153799,Study of CXCR5 Modified EGFE Chimeric Antigen Receptor Autologous T Cells in EGFR- Positive Patients With Advanced Non-small Cell Lung Cancer,UNKNOWN,INTERVENTIONAL,11,ESTIMATED,2021-12,ESTIMATED,2019-11-01,2022-12,ESTIMATED
NCT04183062,BIO-11006 for Osteosarcoma and Ewing's Sarcoma Lung Metastases,WITHDRAWN,INTERVENTIONAL,0,ACTUAL,2019-10-04,ACTUAL,2019-10-04,2021-12-12,ACTUAL
NCT04244552,A Phase 1b Trial of ATRC-101 in Adults With Advanced Solid Malignancies,TERMINATED,INTERVENTIONAL,87,ACTUAL,2023-11-01,ACTUAL,2020-02-11,2023-11-01,ACTUAL
NCT04283994,Project to Improve Communication About Serious Illness--Hospital Study: Comparative Effectiveness Trial (Trial 2),COMPLETED,INTERVENTIONAL,756,ACTUAL,2023-12-01,ACTUAL,2021-07-26,2025-01-27,ACTUAL
NCT04342429,Prospective Study of Intensity-Modulated Proton Therapy (IMPT) for Small Cell Lung Cancer,RECRUITING,INTERVENTIONAL,30,ESTIMATED,2027-05-27,ESTIMATED,2020-03-19,2028-05-27,ESTIMATED
NCT04372927,ADMIRAL Trial: Adaptive Mediastinal Radiation With Chemo-Immunotherapy,TERMINATED,INTERVENTIONAL,1,ACTUAL,2022-04-23,ACTUAL,2021-12-10,2022-04-23,ACTUAL
NCT04397614,Mobile Health Study and Enhanced Symptom Monitoring in COVID-19 Cancer Patients,COMPLETED,INTERVENTIONAL,128,ACTUAL,2021-11-12,ACTUAL,2020-07-22,2021-11-12,ACTUAL
NCT04553887,"Almonertinib as Upfront Treatment for Uncommon EGFR Mutation Harboring Non-Small-Cell Lung Cancer Patients: A Multicenter, Open-Label, Phase II Trial",UNKNOWN,INTERVENTIONAL,53,ESTIMATED,2023-05-01,ESTIMATED,2020-11-01,2023-05-01,ESTIMATED
NCT04727853,Study of Irinotecan Liposome Injection as Second-line Regimen in Patients With Small Cell Lung Cancer (SCLC),COMPLETED,INTERVENTIONAL,66,ACTUAL,2022-04-26,ACTUAL,2021-03-01,2022-04-26,ACTUAL
NCT04745715,Genomic Study in Non-small Cell Lung Cancer Brain Metastasis,COMPLETED,OBSERVATIONAL,110,ACTUAL,2020-10-31,ACTUAL,2011-01-01,2022-10-31,ACTUAL
NCT04760184,Impact of COVID-19 After Autologous Hematopoietic Stem Cell Transplantation in Sweden,COMPLETED,OBSERVATIONAL,20,ACTUAL,2021-08-30,ACTUAL,2021-04-01,2021-12-31,ACTUAL
NCT04769388,Osimertinib Plus Chemotherapy vs Osimertinib in EGFRm NSCLC With Persistence Week-3 ctDNA EGFRm After 1L Osimertinib,COMPLETED,INTERVENTIONAL,80,ACTUAL,2026-01-24,ACTUAL,2021-12-28,2026-01-24,ACTUAL
NCT04829422,Early Access Program of Lazertinib in Republic of Korea,APPROVED_FOR_MARKETING,EXPANDED_ACCESS,,,,,,,
NCT04838548,A Study to Evaluate the Efficacy and Safety of MRG003 in Patients With EGFR-Positive Advanced Non-Small Cell Lung Cancer,COMPLETED,INTERVENTIONAL,87,ACTUAL,2023-03-27,ACTUAL,2021-04-16,2023-03-27,ACTUAL
NCT04926831,Phase II of Neoadjuvant and Adjuvant Capmatinib in NSCLC,TERMINATED,INTERVENTIONAL,4,ACTUAL,2024-03-13,ACTUAL,2022-08-10,2024-03-13,ACTUAL
NCT04982926,A Study of TAS2940 in Participants With Locally Advanced or Metastatic Solid Tumor Cancer,TERMINATED,INTERVENTIONAL,29,ACTUAL,2025-02-26,ACTUAL,2021-09-16,2025-03-24,ACTUAL
NCT05005403,"Study to Assess Adverse Events and Pharmacokinetics in Adult Participants With Non-Small Cell Lung Cancer, Head and Neck Squamous Cell Carcinoma and Other Solid Tumors, Receiving Intravenous Infusion of Azirkitug Alone or in Combination(s) With Budigalimab, Bevacizumab, or Telisotuzumab Adizutecan",RECRUITING,INTERVENTIONAL,694,ESTIMATED,2027-07,ESTIMATED,2021-11-01,2027-07,ESTIMATED
NCT05102656,Patient Perceptions of the Relational Empathy of Healthcare Practitioners From the Department of Emergency Medicine During the COVID-19 Pandemic,ACTIVE_NOT_RECRUITING,INTERVENTIONAL,107,ACTUAL,2027-02-02,ESTIMATED,2021-06-02,2027-02-02,ESTIMATED
NCT05431569,A Phase IIa Study to Evaluate the Efficacy and Safety of 6MW3211 in Patients With Advanced Lung Cancer,UNKNOWN,INTERVENTIONAL,36,ESTIMATED,2022-12-10,ESTIMATED,2022-07-10,2023-09-10,ESTIMATED
NCT05469178,A Clinical Study of Bemcentinib With Standard of Care Chemoimmunotherapy in Untreated Advanced/Metastatic Non-small Cell Lung Cancer Patients With a Mutation in the STK11 Gene,TERMINATED,INTERVENTIONAL,26,ACTUAL,2025-04-03,ACTUAL,2023-03-03,2025-04-03,ACTUAL
NCT05706129,"A Study to Assess Safety, Tolerability and Imaging Characteristics of [68Ga]Ga-DPI-4452 and to Assess Safety, Tolerability, and Efficacy of [177Lu]Lu-DPI-4452 in Participants With Unresectable Locally Advanced or Metastatic Solid Tumors",RECRUITING,INTERVENTIONAL,270,ESTIMATED,2027-06,ESTIMATED,2023-03-14,2029-03,ESTIMATED
NCT05801029,A Study to Investigate Safety and Efficacy of Osimertinib and Amivantamab in Participants With Non-small Cell Lung Cancer With Common Epidermal Growth Factor Receptor Mutations,ACTIVE_NOT_RECRUITING,INTERVENTIONAL,60,ACTUAL,2027-10-01,ESTIMATED,2023-07-18,2027-10-01,ESTIMATED
NCT05880706,A Study of BL-B01D1 and BL-B01D1 in Combination With Osimertinib Mesylate Tablets in Patients With Locally Advanced or Metastatic Non-small Cell Lung Cancer,ACTIVE_NOT_RECRUITING,INTERVENTIONAL,198,ACTUAL,2027-07,ESTIMATED,2023-07-19,2027-07,ESTIMATED
NCT05885984,Acceptance and Commitment Therapy on Fatigue Interference in Patients With Advanced Lung Cancer and Caregiver Burden (ACT),UNKNOWN,INTERVENTIONAL,80,ESTIMATED,2023-11,ESTIMATED,2023-07,2024-01,ESTIMATED
NCT05902988,A Phase I/II Study of VLS-1488 in Subjects With Advanced Cancer,RECRUITING,INTERVENTIONAL,200,ESTIMATED,2026-06,ESTIMATED,2023-10-18,2026-12,ESTIMATED
NCT05905341,"Study of PF-07224826, as a Single Agent or in Combination With Endocrine Therapy in Participants With Breast Cancer and Other Advanced Solid Tumors.",WITHDRAWN,INTERVENTIONAL,0,ACTUAL,2026-04-14,ESTIMATED,2024-01-15,2028-04-13,ESTIMATED
NCT06040541,Study of RMC-9805 in Participants With KRAS G12D-Mutant Solid Tumors,RECRUITING,INTERVENTIONAL,604,ESTIMATED,2026-12-31,ESTIMATED,2023-09-07,2027-04-30,ESTIMATED
NCT06075836,AI Assisted Detection of Chest X-Rays,COMPLETED,OBSERVATIONAL,33,ACTUAL,2024-10-31,ACTUAL,2023-10-31,2025-06-01,ACTUAL
NCT06326957,"Reducing Chronic Breathlessness in Adults by Following a Self-guided, Internet Based Supportive Intervention (SELF-BREATHE)",RECRUITING,INTERVENTIONAL,246,ESTIMATED,2028-02,ESTIMATED,2024-07-04,2028-07,ESTIMATED
NCT06331455,"Treatment of Pulmonary SUlcus, Pancoast and Chest Wall Non-small Cell Lung Cancer Employing Radiation, Immuno-oncology and Resection",UNKNOWN,INTERVENTIONAL,12,ESTIMATED,2025-12,ESTIMATED,2024-05-22,2026-04,ESTIMATED
NCT06336954,"Adibelimab, Famitinib and Chemotherapy for Advanced NSCLC After PD-1 Inhibitor Failure",NOT_YET_RECRUITING,INTERVENTIONAL,40,ESTIMATED,2024-07-31,ESTIMATED,2024-03-30,2026-12-31,ESTIMATED
NCT06406166,Lifei Xiaoji Wan in Treatment of Advanced NSCLC,UNKNOWN,INTERVENTIONAL,100,ESTIMATED,2024-10-01,ESTIMATED,2022-06-01,2024-12-31,ESTIMATED
NCT06617169,Dose-Escalation of MNPR-101-PCTA-177Lu in Solid Tumors,ACTIVE_NOT_RECRUITING,INTERVENTIONAL,12,ESTIMATED,2027-01,ESTIMATED,2024-10-08,2027-02,ESTIMATED
NCT06687941,"A Study to Evaluate the Tolerability, Safety, and PK of AST-201 in Patients With GPC3-positive Advanced Solid Tumors",RECRUITING,INTERVENTIONAL,70,ESTIMATED,2027-12,ESTIMATED,2025-03-11,2028-05,ESTIMATED
NCT06835569,A Study to Learn About Study Medicine ALTA3263 in Adults With Advanced Solid Tumors With KRAS Mutations,RECRUITING,INTERVENTIONAL,448,ESTIMATED,2029-05,ESTIMATED,2025-03-05,2029-08,ESTIMATED
NCT06837948,Neoadjuvant Chemotherapy Combined With Bispecific Antibody Versus Monoclonal Antibody in Locally Advanced NSCLC,NOT_YET_RECRUITING,INTERVENTIONAL,160,ESTIMATED,2031-12-01,ESTIMATED,2025-02-18,2031-12-01,ESTIMATED
NCT06925048,SHR0302 Combined With PD-1/PD-L1 Inhibition for Treatment naïve or Acquired Resistant to Immunology NSCLC,NOT_YET_RECRUITING,INTERVENTIONAL,86,ESTIMATED,2026-12-31,ESTIMATED,2025-04-30,2027-12-31,ESTIMATED
NCT07224152,NBTXR3 With Radiation Therapy Alone for Locally-advanced Non-small Cell Lung Cancer,RECRUITING,INTERVENTIONAL,40,ESTIMATED,2028-08-30,ESTIMATED,2026-03-27,2030-08-30,ESTIMATED
NCT07229729,A Study of SHR-A2102 in Combination With Other Anti-tumor Therapies for Resectable Non-small Cell Lung Cancer,RECRUITING,INTERVENTIONAL,300,ESTIMATED,2026-10,ESTIMATED,2025-11-24,2029-10,ESTIMATED
NCT07465848,Prospective Multicentre Study for the Application of Telomere Measurement Technology as a Tool for Lung Cancer Diagnosis,RECRUITING,INTERVENTIONAL,1200,ESTIMATED,2026-12-31,ESTIMATED,2025-10-08,2026-12-31,ESTIMATED
NCT07662811,SYHX2011 in Combination With Carboplatin and Enlonstobart as First-Line Therapy for Squamous Non-Small Cell Lung Cancer,NOT_YET_RECRUITING,INTERVENTIONAL,396,ESTIMATED,2027-12-31,ESTIMATED,2026-06-01,2029-12-31,ESTIMATED
NCT07749586,A Study to Evaluate ARV-6723 Alone and With Pembrolizumab in Participants With Advanced Solid Tumors,RECRUITING,INTERVENTIONAL,499,ESTIMATED,2031-03-31,ESTIMATED,2026-07-29,2032-03-31,ESTIMATED
NCT07817329,NUT Project: Nutritional Support in Thoracic Oncology,RECRUITING,OBSERVATIONAL,100,ESTIMATED,2028-07,ESTIMATED,2026-10,2028-12,ESTIMATED
